City_ID,City,Lat,Lng,Max Temp,Humidity,Cloudiness,Wind Speed,Country,Date
0,port-aux-francais,-49.35,70.2167,3.21,88,100,13.84,TF,1688455485
1,aasiaat,68.7098,-52.8699,4.0,97,100,2.02,GL,1688455485
2,cova figueira,14.8905,-24.2934,22.4,80,95,3.19,CV,1688455485
3,bilibino,68.0546,166.4372,10.13,84,100,2.77,RU,1688455295
4,walvis bay,-22.9575,14.5053,13.53,71,0,1.03,NA,1688455486
5,waitangi,-43.9535,-176.5597,9.34,82,86,7.15,NZ,1688455486
6,auki,-8.7676,160.7034,26.78,82,26,3.15,SB,1688455486
7,ushuaia,-54.8,-68.3,0.81,75,0,1.03,AR,1688455487
8,okha,53.5739,142.9478,13.2,78,19,5.11,RU,1688455487
9,bredasdorp,-34.5322,20.0403,12.71,82,100,3.09,ZA,1688455487
10,port mathurin,-19.6833,63.4167,23.23,60,0,10.66,MU,1688455487
11,santa rosalia,27.3167,-112.2833,27.09,60,0,2.71,MX,1688455488
12,zacualtipan,20.65,-98.6,14.74,96,33,0.5,MX,1688455488
13,edinburgh of the seven seas,-37.0676,-12.3116,10.36,89,100,14.75,SH,1688455488
14,tiksi,71.6872,128.8694,2.41,92,100,2.06,RU,1688455489
15,pacific grove,36.6177,-121.9166,14.25,88,100,3.6,US,1688455489
16,aleg,17.0481,-13.9209,30.01,47,1,4.9,MR,1688455490
17,rongelap,11.1635,166.8941,28.14,78,11,7.28,MH,1688455278
18,mboursou lere,9.7639,14.1539,26.23,67,100,1.91,TD,1688455491
19,west island,-12.1568,96.8225,26.99,61,75,6.17,CC,1688455491
20,albany,42.6001,-73.9662,21.23,94,93,0.89,US,1688455491
21,sao joao da barra,-21.6403,-41.0511,17.27,79,80,2.85,BR,1688455255
22,el nido,11.1858,119.3956,29.05,72,100,0.98,PH,1688455492
23,utrik,11.2278,169.8474,28.07,77,100,7.11,MH,1688455492
24,bethanie,-26.4833,17.15,16.72,20,0,2.58,NA,1688455492
25,st. john's,47.5649,-52.7093,18.66,96,100,7.72,CA,1688455493
26,yellowknife,62.456,-114.3525,14.29,67,75,2.57,CA,1688455314
27,hobyo,5.3505,48.5268,28.06,64,39,11.49,SO,1688455493
28,levuka,50.1834,-105.4011,11.9,77,54,5.75,CA,1688455493
29,fort st. john,56.2499,-120.8529,9.94,100,20,1.54,CA,1688455493
30,olonkinbyen,70.9221,-8.7187,4.07,96,98,7.69,SJ,1688455494
31,guiyang,26.5833,106.7167,21.27,78,100,4.0,CN,1688455201
32,port elizabeth,-33.918,25.5701,15.73,84,0,6.17,ZA,1688455494
33,stanley,54.868,-1.6985,14.6,77,40,6.69,GB,1688455494
34,gobabis,-22.45,18.9667,14.08,33,0,3.88,NA,1688455495
35,tazovsky,67.4667,78.7,23.37,62,83,5.34,RU,1688455495
36,punta arenas,-53.15,-70.9167,0.06,86,0,5.66,CL,1688455495
37,bethel,41.3712,-73.414,22.2,87,75,0.0,US,1688455495
38,port alfred,-33.5906,26.891,12.88,89,10,0.45,ZA,1688455496
39,anadyr,64.75,177.4833,14.28,62,0,7.0,RU,1688455496
40,palmer,42.1584,-72.3287,22.34,85,100,0.0,US,1688455496
41,alaghsas,17.0187,8.0168,29.94,48,0,3.09,NE,1688455496
42,bhimunipatnam,17.8833,83.4333,34.73,64,55,4.55,IN,1688455496
43,adamstown,-25.066,-130.1015,20.59,68,1,4.43,PN,1688455497
44,lukoyanov,55.0277,44.4786,22.03,70,32,0.85,RU,1688455497
45,saldanha,-33.0117,17.9442,14.03,88,100,8.04,ZA,1688455497
46,ilulissat,69.2167,-51.1,6.01,93,100,1.54,GL,1688455497
47,jabat,7.75,168.9751,28.46,79,100,5.01,MH,1688455498
48,callao,-12.0667,-77.15,22.07,78,100,3.6,PE,1688455315
49,bernay,49.1667,0.6667,15.93,83,30,1.79,FR,1688455498
50,saguenay,48.4168,-71.0657,18.38,95,75,1.54,CA,1688455239
51,blackmans bay,-43.0167,147.3167,8.18,85,100,1.35,AU,1688455498
52,akureyri,65.6835,-18.0878,4.96,81,75,7.2,IS,1688455499
53,chibougamau,49.9168,-74.3659,17.79,94,0,1.19,CA,1688455499
54,oristano,39.9,8.6,26.56,71,86,1.26,IT,1688455499
55,papatowai,-46.5619,169.4708,8.46,81,77,10.39,NZ,1688455499
56,kailua-kona,19.6406,-155.9956,27.55,92,100,3.6,US,1688455426
57,vilyuchinsk,52.9306,158.4028,21.15,88,70,1.85,RU,1688455500
58,keflavik,64.0049,-22.5624,9.95,76,0,11.32,IS,1688455500
59,galle,6.0367,80.217,26.16,84,100,9.1,LK,1688455500
60,margaret river,-33.95,115.0667,12.75,69,86,11.22,AU,1688455337
61,pont rouge,48.8833,-72.0825,17.16,96,31,0.71,CA,1688455501
62,hechuan,29.9947,106.2572,27.27,77,100,3.57,CN,1688455501
63,afaahiti,-17.75,-149.2833,23.93,75,90,7.18,PF,1688455502
64,georgetown,5.4112,100.3354,31.97,74,40,4.63,MY,1688455415
65,kangding,30.0513,101.9603,13.62,94,100,2.02,CN,1688455502
66,wuwei,37.9281,102.6414,30.67,12,0,2.17,CN,1688455503
67,ola,59.5833,151.2833,23.97,84,26,4.95,RU,1688455503
68,grytviken,-54.2811,-36.5092,-1.73,88,100,3.67,GS,1688455503
69,susuman,62.7833,148.1667,22.89,55,40,4.04,RU,1688455503
70,luderitz,-26.6481,15.1594,16.8,55,0,5.08,NA,1688455504
71,broken hill,-31.95,141.4333,11.46,68,95,4.41,AU,1688455504
72,timmins,48.4669,-81.3331,15.9,94,20,1.54,CA,1688455504
73,longyearbyen,78.2186,15.6401,10.91,50,40,8.75,SJ,1688455505
74,mount isa,-20.7333,139.5,19.87,49,5,1.54,AU,1688455505
75,kingston,17.997,-76.7936,26.25,94,29,0.94,JM,1688455492
76,mitu,1.1983,-70.1733,22.03,99,100,0.51,CO,1688455505
77,kununurra,-15.7667,128.7333,26.99,41,11,2.57,AU,1688455338
78,rehoboth,-23.3167,17.0833,15.18,23,0,2.04,NA,1688455506
79,bukama,-9.2,25.85,24.94,36,0,0.96,CD,1688455506
80,karbala,32.616,44.0249,38.98,17,0,9.13,IQ,1688455381
81,ponta delgada,37.7333,-25.6667,18.4,77,40,3.09,PT,1688455507
82,frontera,26.9333,-101.45,25.59,69,100,1.74,MX,1688455507
83,college,64.8569,-147.8028,19.56,66,75,1.54,US,1688455508
84,ar rayyan,25.2919,51.4244,44.07,32,0,8.23,QA,1688455508
85,thompson,55.7435,-97.8558,7.09,93,100,4.63,CA,1688455508
86,colonia,50.9333,6.95,18.81,68,40,5.14,DE,1688455509
87,uturoa,-16.7333,-151.4333,26.7,81,52,7.97,PF,1688455509
88,laredo,27.5064,-99.5075,29.16,65,0,5.14,US,1688455509
89,bam,29.106,58.357,38.84,12,7,6.71,IR,1688455509
90,karasburg,-28.0167,18.75,16.02,21,0,0.85,NA,1688455510
91,wailua homesteads,22.0669,-159.378,26.44,87,100,7.2,US,1688455510
92,aykhal,66.0,111.5,19.8,48,100,1.77,RU,1688455510
93,weno,7.4515,151.8468,30.97,74,40,1.54,FM,1688455510
94,longmen,24.9597,118.0889,30.34,66,100,4.03,CN,1688455511
95,puerto natales,-51.7236,-72.4875,-1.2,93,100,0.89,CL,1688455511
96,ostersund,63.1792,14.6357,12.56,35,20,3.58,SE,1688455511
97,ust-nera,64.5667,143.2,27.28,27,98,5.62,RU,1688455512
98,kodinsk,58.6881,99.1844,28.12,28,23,5.03,RU,1688455512
99,srandakan,-7.9386,110.2506,27.47,65,72,4.02,ID,1688455513
100,natal,-5.795,-35.2094,23.12,94,40,4.63,BR,1688455316
101,korla,41.7597,86.1469,34.74,10,97,3.01,CN,1688455514
102,badger,64.8,-147.5333,19.52,69,75,1.54,US,1688455514
103,haiku-pauwela,20.9219,-156.3051,24.47,71,20,7.72,US,1688455514
104,onega,63.9061,38.1404,17.03,55,80,5.47,RU,1688455515
105,new norfolk,-42.7826,147.0587,8.84,71,100,0.76,AU,1688455515
106,tura,25.5198,90.2201,27.74,87,93,2.11,IN,1688455515
107,la'ie,21.6477,-157.9253,25.98,87,39,1.79,US,1688455515
108,lumajang,-8.1335,113.2248,28.2,72,58,2.93,ID,1688455516
109,antsiranana,-12.2787,49.2917,27.42,41,20,7.2,MG,1688455516
110,mossel bay,-34.1831,22.146,11.96,82,100,4.76,ZA,1688455516
111,toliara,-23.35,43.6667,24.3,46,0,0.45,MG,1688455517
112,enewetak,11.3474,162.3373,28.25,79,98,6.85,MH,1688455517
113,leninskiy,54.2781,37.4558,20.12,62,98,1.89,RU,1688455517
114,isafjordur,66.0755,-23.124,6.02,87,75,4.63,IS,1688455517
115,arkalyk,50.2486,66.9114,24.98,40,100,1.58,KZ,1688455518
116,keetmanshoop,-26.5833,18.1333,14.91,19,0,2.65,NA,1688455518
117,codrington,-38.2667,141.9667,9.04,97,100,2.11,AU,1688455518
118,acapulco de juarez,16.8634,-99.8901,26.9,78,20,2.06,MX,1688455438
119,hadibu,12.65,54.0333,27.33,68,92,13.39,YE,1688455519
120,carutapera,-1.195,-46.02,23.72,94,17,1.11,BR,1688455519
121,sassandra,4.95,-6.0833,23.71,89,64,0.89,CI,1688455519
122,martapura,-3.4167,114.85,34.05,55,40,1.03,ID,1688455519
123,brisas de zicatela,15.8369,-97.0419,26.11,86,96,1.77,MX,1688455520
124,iqaluit,63.7506,-68.5145,5.85,86,75,2.06,CA,1688455520
125,lorengau,-2.0226,147.2712,29.06,74,40,4.23,PG,1688455520
126,potchefstroom,-26.7167,27.1,12.68,35,0,0.93,ZA,1688455301
127,iskateley,67.6803,53.1512,20.66,63,99,2.07,RU,1688455521
128,soe,-9.8607,124.284,22.25,80,85,2.65,ID,1688455521
129,selsey,50.735,-0.7898,17.28,82,96,5.73,GB,1688455522
130,nemuro,43.3236,145.575,11.2,97,87,7.31,JP,1688455522
131,kodiak,57.79,-152.4072,9.73,81,20,3.09,US,1688455522
132,gejiu,23.306,103.1635,22.14,68,100,2.22,CN,1688455522
133,gwadar,25.1216,62.3254,30.1,73,98,2.8,PK,1688455523
134,san patricio,28.017,-97.5169,29.92,87,100,4.53,US,1688455523
135,cabo san lucas,22.8909,-109.9124,28.67,73,0,2.24,MX,1688455523
136,orcopampa,-15.2661,-72.3417,5.25,51,0,0.73,PE,1688455401
137,constantia,44.1833,28.65,28.38,69,0,3.32,RO,1688455524
138,el porvenir,13.7617,-87.3458,23.63,89,100,2.11,HN,1688455524
139,avarua,-21.2078,-159.775,25.03,94,75,1.54,CK,1688455524
140,invercargill,-46.4,168.35,9.18,78,87,9.01,NZ,1688455525
141,howrah,22.5892,88.3103,35.0,63,40,3.6,IN,1688455525
142,sisimiut,66.9395,-53.6735,5.81,94,100,4.96,GL,1688455525
143,lebu,-37.6167,-73.65,12.4,88,100,10.21,CL,1688455525
144,isangel,-19.55,169.2667,21.23,69,34,4.58,VU,1688455526
145,piti village,13.4626,144.6933,31.49,73,0,4.12,GU,1688455526
146,pyhajarvi,67.0701,27.2176,8.79,96,100,3.04,FI,1688455526
147,hermanus,-34.4187,19.2345,11.0,78,100,3.95,ZA,1688455526
148,kerikeri,-35.2268,173.9474,13.28,84,77,3.77,NZ,1688455527
149,hamilton,39.1834,-84.5333,22.53,93,40,3.09,US,1688455152
150,karagandy,49.8019,73.1021,26.97,25,86,3.4,KZ,1688455527
151,atafu village,-8.5421,-172.5159,28.37,78,15,8.2,TK,1688455529
152,mogocha,53.7333,119.7667,24.4,53,100,4.81,RU,1688455529
153,sitka,57.0531,-135.33,13.94,88,75,1.54,US,1688455529
154,port lincoln,-34.7333,135.8667,14.34,64,77,5.76,AU,1688455242
155,udachny,66.4167,112.4,19.14,42,84,0.51,RU,1688455530
156,kapuskasing,49.4169,-82.4331,19.05,82,0,2.57,CA,1688455502
157,soroti,1.7146,33.6111,22.54,74,67,1.54,UG,1688455530
158,darien,41.752,-87.974,22.34,81,0,2.57,US,1688455531
159,wainwright,52.839,-110.8572,8.66,91,99,3.52,CA,1688455458
160,santona,43.4439,-3.4576,20.68,77,0,1.99,ES,1688455531
161,hiratacho,35.4333,132.8167,28.98,61,75,5.66,JP,1688455531
162,haapajarvi,63.75,25.3333,11.09,93,100,3.1,FI,1688455532
163,kruisfontein,-34.0033,24.7314,11.6,74,13,5.16,ZA,1688455532
164,vila velha,-20.3297,-40.2925,18.97,84,75,4.92,BR,1688455264
165,peace river,56.2501,-117.286,14.25,94,75,2.06,CA,1688455532
166,cruzilia,-21.8386,-44.8083,6.79,95,2,1.67,BR,1688455533
167,arraial do cabo,-22.9661,-42.0278,18.93,68,83,3.7,BR,1688455533
168,sarai naurang,32.8259,70.7814,40.64,30,0,4.94,PK,1688455533
169,tazacorte,28.629,-17.9293,22.54,87,75,4.63,ES,1688455533
170,jacmel,18.2342,-72.5347,26.55,87,13,0.36,HT,1688455534
171,lajere,11.9797,11.4443,31.15,38,18,4.46,NG,1688455534
172,la passe,45.5549,-0.8967,19.46,84,28,3.51,FR,1688455534
173,mersing,2.4312,103.8405,32.95,75,40,5.14,MY,1688455534
174,kirakira,-10.4544,161.9205,26.61,84,98,6.96,SB,1688455535
175,minas de marcona,-15.2119,-75.1103,12.56,88,68,4.25,PE,1688455535
176,zelenogradsk,54.9589,20.4767,19.98,57,0,5.0,RU,1688455535
177,klyuchi,52.2667,79.1667,27.52,42,100,6.64,RU,1688455535
178,mount pearl,47.5166,-52.7813,18.19,96,100,7.72,CA,1688455537
179,flekkefjord,58.2971,6.6607,12.19,91,96,2.9,NO,1688455339
180,jamestown,42.097,-79.2353,18.9,99,100,1.54,US,1688455502
181,san antonio de pale,-1.4014,5.6325,23.47,87,56,5.31,GQ,1688455538
182,solleftea,63.1667,17.2667,11.92,96,100,2.59,SE,1688455538
183,ambato boeny,-16.4667,46.7167,26.07,38,0,5.32,MG,1688455538
184,coquimbo,-29.9533,-71.3436,10.85,76,0,4.12,CL,1688455332
185,dudinka,69.4058,86.1778,22.57,43,100,3.25,RU,1688455539
186,lincheng,19.9078,109.6858,32.56,62,79,1.94,CN,1688455539
187,vrontados,38.4089,26.1328,25.92,73,0,3.09,GR,1688455539
188,pontyclun,51.5216,-3.3915,13.64,91,75,2.57,GB,1688455539
189,pathein,16.7833,94.7333,25.37,92,100,5.53,MM,1688455540
190,plettenberg bay,-34.0527,23.3716,13.9,70,100,3.94,ZA,1688455540
191,yuktae-dong,40.0247,128.1597,22.55,91,100,3.83,KP,1688455540
192,beipiao,41.7919,120.7792,20.99,86,100,2.37,CN,1688455540
193,bowen,-20.0167,148.2333,23.71,88,100,2.66,AU,1688455295
194,qaqortoq,60.7167,-46.0333,6.33,87,100,1.08,GL,1688455541
195,cafayate,-26.073,-65.9761,12.87,56,16,0.67,AR,1688455541
196,chernyshevskiy,63.0128,112.4714,22.16,56,94,2.81,RU,1688455541
197,pervomayskiy,53.2485,40.2871,22.39,56,0,1.33,RU,1688455542
198,kasongo-lunda,-6.4667,16.8167,23.25,30,0,1.81,CD,1688455542
199,christchurch,-43.5333,172.6333,8.86,68,0,1.54,NZ,1688455369
200,oppdal,62.5943,9.6912,9.03,97,100,1.63,NO,1688455542
201,whitehorse,60.7161,-135.0538,17.43,39,75,6.17,CA,1688455330
202,tegueste,28.5167,-16.3167,25.05,88,20,5.14,ES,1688455543
203,san sebastian de la gomera,28.0916,-17.1133,23.54,88,40,3.09,ES,1688455380
204,puerto baquerizo moreno,-0.9,-89.6,24.39,73,100,5.67,EC,1688455543
205,tabou,4.423,-7.3528,24.58,82,100,0.92,CI,1688455543
206,saudarkrokur,65.7461,-19.6394,4.98,86,100,7.35,IS,1688455543
207,ambagarh chauki,20.7833,80.7167,35.73,45,60,3.01,IN,1688455544
208,petropavlovsk-kamchatsky,53.0452,158.6483,20.33,64,20,5.0,RU,1688455544
209,filadelfia,39.9523,-75.1638,23.76,95,100,4.12,US,1688455266
210,puerto ayacucho,5.6639,-67.6236,23.1,97,70,1.97,VE,1688455544
211,menongue,-14.6585,17.691,15.66,39,0,2.57,AO,1688455545
212,saipan,15.1355,145.701,30.39,100,20,5.14,MP,1688455545
213,baissa,7.2333,10.6333,21.84,99,100,1.12,NG,1688455545
214,kuala belait,4.5833,114.1833,31.09,82,100,0.67,BN,1688455546
215,salahonda,2.1019,-78.7217,26.06,84,100,1.84,CO,1688455546
216,muroto-misakicho,33.2833,134.15,25.57,82,100,4.33,JP,1688455546
217,carnarvon,-24.8667,113.6333,19.76,58,15,7.22,AU,1688455546
218,gadzhiyevo,69.2551,33.3362,13.96,72,97,4.48,RU,1688455546
219,sungailiat,-1.85,106.1333,30.02,67,21,3.83,ID,1688455547
220,chui,-33.6971,-53.4616,13.41,97,27,2.24,UY,1688455547
221,taksimo,56.3444,114.8794,20.55,77,100,0.21,RU,1688455547
222,khark,29.2614,50.3306,34.01,49,0,5.14,IR,1688455547
223,fale old settlement,-9.3852,-171.2468,28.15,78,17,7.92,TK,1688455548
224,talnakh,69.4865,88.3972,22.34,42,100,1.98,RU,1688455548
225,bomi,7.2461,-11.5258,22.66,97,99,1.32,SL,1688455548
226,saint-pierre,-21.3393,55.4781,23.82,64,0,13.89,RE,1688455548
227,itoman,26.1247,127.6694,31.21,84,75,4.63,JP,1688455549
228,cockburn town,21.4612,-71.1419,28.29,80,11,7.63,TC,1688455380
229,newman,37.3138,-121.0208,23.99,64,7,0.45,US,1688455549
230,siteki,-26.45,31.95,21.0,73,0,4.12,SZ,1688455549
231,puerto ayora,-0.7393,-90.3518,25.31,88,100,4.02,EC,1688455549
232,loen,7.7601,168.2307,27.64,81,98,5.12,MH,1688455550
233,nar'yan-mar,67.6713,53.087,20.5,64,99,2.05,RU,1688455550
234,terbuny,52.1389,38.2789,22.75,57,2,1.96,RU,1688455550
235,limassol,34.675,33.0333,29.04,58,0,1.54,CY,1688455550
236,arno,60.1167,18.6333,13.77,65,100,7.29,SE,1688455551
237,conceicao da barra,-18.5933,-39.7322,15.94,84,10,2.38,BR,1688455280
238,garcia,25.8167,-100.5833,23.81,85,74,2.09,MX,1688455286
239,hithadhoo,-0.6,73.0833,28.24,73,41,6.15,MV,1688455551
240,alofi,-19.0595,-169.9187,22.94,88,97,3.6,NU,1688455552
241,mizdah,31.4451,12.9801,26.29,44,3,4.36,LY,1688455552
242,kangiwa,12.5521,3.8187,26.82,63,100,1.78,NG,1688455336
243,kalaleh,37.3807,55.4916,30.78,48,20,3.09,IR,1688455552
244,dunbar,38.3606,-81.7374,21.64,97,75,1.54,US,1688455552
245,naze,28.3667,129.4833,28.51,83,100,6.15,JP,1688455553
246,bengkulu,-3.8004,102.2655,28.19,84,21,5.55,ID,1688455553
247,camiri,-20.05,-63.5167,15.16,97,0,1.19,BO,1688455553
248,inderbor,48.55,51.7833,32.25,32,1,3.63,KZ,1688455553
249,ribeira grande,38.5167,-28.7,18.76,77,20,3.6,PT,1688455554
250,fuli,46.7217,131.1394,29.35,45,17,4.96,CN,1688455339
251,tolanaro,-25.0319,46.9987,23.04,64,75,3.6,MG,1688455554
252,yenotayevka,47.2456,47.0281,30.14,41,10,1.74,RU,1688455554
253,valdivia,-39.8142,-73.2459,13.05,91,100,6.12,CL,1688455555
254,nuuk,64.1835,-51.7216,6.34,100,100,2.57,GL,1688455555
255,freetown,8.484,-13.2299,24.84,83,75,2.06,SL,1688455459
256,bontang,0.1333,117.5,25.87,88,100,0.2,ID,1688455555
257,rio grande,-32.035,-52.0986,12.75,96,9,3.27,BR,1688455555
258,majene,-3.5403,118.9707,28.58,71,100,2.11,ID,1688455556
259,mejit,10.2753,170.8646,28.08,77,66,6.62,MH,1688455556
260,ouesso,1.6136,16.0517,23.37,88,100,1.03,CG,1688455556
261,savanna-la-mar,18.219,-78.1332,27.97,87,98,1.1,JM,1688455556
262,kresek,-6.1314,106.3797,35.62,60,50,2.81,ID,1688455557
263,santa rosa del sur,7.9644,-74.0544,20.26,96,100,0.97,CO,1688455557
264,madang,-5.2246,145.7966,28.88,75,100,2.7,PG,1688455557
265,dabakala,8.3667,-4.4333,22.61,94,63,1.33,CI,1688455557
266,manmad,20.25,74.45,31.4,56,67,3.61,IN,1688455558
267,ambon,-3.6954,128.1814,29.93,73,40,1.54,ID,1688455409
268,guarapari,-20.6667,-40.4975,17.72,86,36,4.18,BR,1688455558
269,ntchisi,-13.5278,33.9149,16.99,61,12,3.89,MW,1688455558
270,dunedin,-45.8742,170.5036,9.89,53,90,6.71,NZ,1688455260
271,bhimavaram,16.5333,81.5333,32.82,59,97,3.89,IN,1688455559
272,sengkang,-4.1279,120.0297,28.14,80,88,1.35,ID,1688455560
273,baiti,13.745,-14.7482,26.27,83,100,1.21,SN,1688455561
274,bazou,5.0569,10.4698,18.18,97,100,1.32,CM,1688455561
275,puerto aysen,-45.4,-72.7,4.01,100,100,0.48,CL,1688455561
276,hawaiian paradise park,19.5933,-154.9731,24.73,89,100,1.54,US,1688455562
277,la ronge,55.1001,-105.2842,9.14,76,100,6.17,CA,1688455562
278,elamanchili,17.55,82.8667,35.12,56,92,4.65,IN,1688455563
279,tambopata,-12.7333,-69.1833,23.15,71,100,0.98,PE,1688455563
280,taulaga,-11.0553,-171.0883,28.2,76,14,8.9,AS,1688455564
281,reggane,26.7158,0.1714,39.08,9,0,5.56,DZ,1688455564
282,olavarria,-36.8927,-60.3225,14.2,99,100,1.54,AR,1688455564
283,fort bragg,35.139,-79.006,26.91,90,0,4.63,US,1688455565
284,queenstown,-31.8976,26.8753,12.4,33,4,2.34,ZA,1688455565
285,esmeraldas,-19.7625,-44.3139,11.48,89,0,1.84,BR,1688455565
286,nantucket,41.2835,-70.0995,21.08,100,100,3.09,US,1688455550
287,kimbe,-5.5502,150.1429,29.61,72,54,2.31,PG,1688455566
288,pimentel,-6.8367,-79.9342,23.16,83,0,5.66,PE,1688455566
289,san luis de la loma,17.2706,-100.8939,27.43,81,64,1.21,MX,1688455566
290,pombas,17.1503,-25.0201,23.88,83,100,3.69,CV,1688455567
291,amory,33.9843,-88.4881,23.46,100,20,0.0,US,1688455567
292,katsuura,35.1333,140.3,23.78,81,10,6.09,JP,1688455567
293,hermiston,45.8404,-119.2895,23.73,45,0,2.57,US,1688455568
294,arkhangel'sk,64.5401,40.5433,18.41,54,47,5.43,RU,1688455568
295,morehead city,34.7229,-76.726,27.79,90,0,5.14,US,1688455569
296,lihue,21.9789,-159.3672,26.77,82,100,7.2,US,1688455308
297,kroya,-7.6331,109.2461,26.78,66,100,3.99,ID,1688455569
298,tralee,52.2704,-9.7026,12.14,87,75,2.57,IE,1688455569
299,zhicheng,30.2956,111.5047,24.76,88,100,1.48,CN,1688455570
300,mount gambier,-37.8333,140.7667,9.93,90,90,1.54,AU,1688455570
301,hirara,24.8,125.2833,31.92,74,75,7.72,JP,1688455570
302,gabu,12.2833,-14.2167,24.26,93,99,0.74,GW,1688455570
303,manggar,-2.8833,108.2667,28.85,73,45,4.92,ID,1688455571
304,nuku'alofa,-21.1333,-175.2,21.19,68,40,1.54,TO,1688455571
305,vadso,70.0744,29.7487,10.49,93,100,3.6,NO,1688455571
306,sawai madhopur,25.9833,76.3667,35.7,44,100,4.34,IN,1688455572
307,korsakov,46.6328,142.7813,15.91,89,100,2.36,RU,1688455572
308,kidal,18.4411,1.4078,30.95,37,15,1.49,ML,1688455572
309,perugorria,-29.3413,-58.6106,17.26,70,10,4.73,AR,1688455572
310,argo,37.6333,22.7333,29.32,45,0,1.89,GR,1688455573
311,island harbour,50.724,-1.2758,16.77,84,100,1.34,GB,1688455573
312,broome,42.2506,-75.833,20.51,97,98,0.65,US,1688455573
313,brookings,44.3114,-96.7984,21.0,60,0,4.12,US,1688455573
314,encamp,42.5333,1.6333,11.34,81,0,1.6,AD,1688455574
315,papao,-17.75,-149.55,24.82,75,44,7.57,PF,1688455574
316,pisco,-13.7,-76.2167,21.03,73,100,0.51,PE,1688455574
317,ridgecrest,35.6225,-117.6709,28.92,21,0,10.29,US,1688455575
318,'ain deheb,34.8422,1.547,26.55,26,0,1.39,DZ,1688455575
319,lepsy,46.235,78.9456,33.67,19,5,4.47,KZ,1688455575
320,villa gesell,-37.2639,-56.973,15.59,98,100,2.55,AR,1688455576
321,labrador city,52.9463,-66.9114,12.95,94,0,1.54,CA,1688455576
322,al artawiyah,26.5053,45.3444,37.09,12,2,2.1,SA,1688455519
323,palmerston,-12.486,130.9833,31.13,61,20,3.6,AU,1688455577
324,happy valley-goose bay,53.3168,-60.3315,16.17,88,40,4.12,CA,1688455577
325,laguna,38.421,-121.4238,23.94,53,0,4.12,US,1688455577
326,inhambane,-23.865,35.3833,21.99,83,40,2.06,MZ,1688455578
327,ancud,-41.8697,-73.8203,11.38,84,100,13.27,CL,1688455578
328,granby,45.4001,-72.7324,21.14,98,88,0.51,CA,1688455350
329,puerto deseado,-47.7503,-65.8938,5.66,56,100,9.48,AR,1688455290
330,tsiombe,-25.3,45.4833,22.07,46,0,3.47,MG,1688455579
331,lagoa,39.05,-27.9833,19.31,64,100,2.33,PT,1688455579
332,aflao,6.116,1.1914,25.13,87,99,3.65,TG,1688455579
333,ryotsu-minato,38.0833,138.4333,22.95,70,0,4.11,JP,1688455580
334,horta,38.5333,-28.6333,18.34,83,20,3.6,PT,1688455580
335,kavaratti,10.5669,72.642,28.63,74,100,13.43,IN,1688455580
336,taro,-8.3862,115.28,25.0,84,93,1.35,ID,1688455580
337,hwange,-18.3693,26.5019,18.6,42,0,1.56,ZW,1688455178
338,vikulovo,56.8167,70.6107,29.41,50,9,5.06,RU,1688455581
339,honiara,-9.4333,159.95,26.68,87,100,5.14,SB,1688455581
340,makar'yev,57.8797,43.8069,23.58,40,2,3.9,RU,1688455581
341,bamboo flat,11.7,92.7167,29.05,79,75,3.6,IN,1688455581
342,egilsstadir,65.2653,-14.3948,3.95,87,100,1.54,IS,1688455582
343,cidreira,-30.1811,-50.2056,15.81,93,13,4.02,BR,1688455582
344,aral,40.5156,81.2636,34.53,12,100,0.92,CN,1688455583
345,margate,51.3813,1.3862,16.04,72,85,3.13,GB,1688455584
346,khandyga,62.6667,135.6,28.04,36,100,3.82,RU,1688455584
347,luanda,-8.8368,13.2343,22.0,83,75,1.54,AO,1688455584
348,ar rutbah,33.0381,40.2848,33.63,15,0,6.24,IQ,1688455585
349,mugia,43.1041,-9.2179,17.87,88,9,2.14,ES,1688455585
350,camarinas,43.1311,-9.1817,17.88,87,15,2.39,ES,1688455585
351,novodvinsk,64.4165,40.8122,18.24,54,70,5.53,RU,1688455586
352,gadani,25.1185,66.7299,35.12,68,80,6.21,PK,1688455456
353,paita,-5.0892,-81.1144,22.19,79,13,5.48,PE,1688455586
354,coyhaique,-45.5752,-72.0662,0.34,100,20,1.54,CL,1688455586
355,siwa oasis,29.2041,25.5195,29.09,43,0,3.77,EG,1688455587
356,howard springs,-12.497,131.047,31.1,63,100,3.21,AU,1688455587
357,cambria,35.5641,-121.0808,17.91,87,68,2.07,US,1688455587
358,reuleuet,5.2167,96.2833,30.27,67,99,3.3,ID,1688455587
359,etalle,49.6764,5.602,17.23,77,9,3.42,BE,1688455588
360,dhanaula,30.2833,75.5833,39.58,35,2,2.48,IN,1688455588
361,markovo,57.3206,107.0881,26.76,45,100,5.49,RU,1688455588
362,vera cruz,-12.6333,-41.0333,17.76,95,70,1.02,BR,1688455589
363,bubaque,11.2833,-15.8333,27.08,80,100,3.2,GW,1688455589
364,namibe,-15.1961,12.1522,21.4,65,0,0.96,AO,1688455589
365,pilis,47.289,19.5485,23.54,76,97,5.8,HU,1688455321
366,darwin,-12.4611,130.8418,31.14,61,20,3.6,AU,1688455582
367,yanta,36.2411,115.6672,30.23,49,0,5.58,CN,1688455590
368,kourou,5.1552,-52.6478,24.03,92,100,2.48,GF,1688455590
369,kijang,35.2442,129.2139,24.85,94,100,1.95,KR,1688455590
370,soligalich,59.0778,42.2864,22.22,41,8,4.72,RU,1688455591
371,vilyuysk,63.7553,121.6247,22.18,36,9,3.8,RU,1688455591
372,laojunmiao,39.8333,97.7333,27.59,8,0,6.49,CN,1688455591
373,miquelon,47.0975,-56.3814,13.0,100,100,8.26,PM,1688455592
374,orzu,37.5593,68.8184,34.22,13,5,6.14,TJ,1688455592
375,manicore,-5.8092,-61.3003,21.71,87,31,0.45,BR,1688455592
376,tamale,9.4008,-0.8393,24.38,88,63,2.85,GH,1688455476
377,nova sintra,14.8667,-24.7167,21.94,80,100,3.19,CV,1688455593
378,shortandy,51.7006,70.9994,29.91,28,96,3.75,KZ,1688455593
379,minab,27.1467,57.0801,36.62,48,12,3.8,IR,1688455593
380,tarko-sale,64.9225,77.785,30.47,44,5,7.61,RU,1688455593
381,goundi,9.3627,17.366,25.59,75,100,2.56,TD,1688455594
382,severo-yeniseyskiy,60.3725,93.0408,22.73,40,43,2.71,RU,1688455594
383,galeana,24.8333,-100.0667,16.46,87,11,0.79,MX,1688455594
384,sabang,5.8933,95.3214,28.35,71,31,1.92,ID,1688455321
385,bull savanna,17.8868,-77.5902,25.25,85,92,2.37,JM,1688455595
386,sragen,-7.4264,111.0222,30.65,55,61,5.52,ID,1688455595
387,morant bay,17.8815,-76.4093,26.51,84,17,3.41,JM,1688455595
388,banchory,57.0517,-2.4882,13.22,80,100,1.73,GB,1688455595
389,remire-montjoly,4.9167,-52.2667,24.02,94,100,1.03,GF,1688455596
390,lodja,-3.4833,23.4333,26.56,40,0,1.21,CD,1688455596
391,soure,-0.7167,-48.5233,25.7,80,1,3.04,BR,1688455311
392,creston,41.0586,-94.3614,21.51,100,0,2.06,US,1688455596
393,nazir town,33.3061,73.4833,38.23,33,37,4.91,PK,1688455597
394,crucecita,-28.95,-58.9833,17.34,70,2,4.03,AR,1688455597
395,karatau,43.1667,70.4667,31.84,19,0,4.35,KZ,1688455597
396,yaren,-0.5472,166.916,29.02,72,99,4.0,NR,1688455597
397,san rafael del yuma,18.4299,-68.6739,27.76,91,21,3.61,DO,1688455598
398,leticia,-4.2153,-69.9406,24.03,100,20,0.0,CO,1688455598
399,havre,49.5833,0.3333,16.22,88,100,4.12,FR,1688455598
400,mont-dore,-22.2833,166.5833,20.99,74,6,4.87,NC,1688455598
401,vorgashor,67.5833,63.95,23.86,51,0,4.46,RU,1688455620
402,hammerfest,70.6634,23.6821,8.25,100,75,2.57,NO,1688455620
403,dire dawa,9.5931,41.8661,25.85,55,20,5.7,ET,1688455556
404,kristiansund,63.1115,7.732,13.03,82,75,1.54,NO,1688455620
405,pala,9.3642,14.9046,25.25,75,97,2.16,TD,1688455621
406,poltavka,54.3663,71.7632,31.73,33,6,6.48,RU,1688455621
407,arauca,7.0847,-70.7591,25.0,100,96,0.51,CO,1688455621
408,hailar,49.2,119.7,17.99,90,100,4.5,CN,1688455621
409,fortuna,40.5982,-124.1573,12.19,91,40,0.0,US,1688455622
410,purpe,64.4803,76.6897,31.18,41,0,8.28,RU,1688455622
411,malpe,13.35,74.7167,25.61,90,100,8.2,IN,1688455622
412,vernon,50.2581,-119.2691,17.74,41,7,1.03,CA,1688455623
413,jabor,5.921,169.6434,27.46,79,100,5.12,MH,1688455623
414,sturgeon bay,44.8342,-87.377,21.2,73,40,2.06,US,1688455353
415,vila franca do campo,37.7167,-25.4333,18.23,77,97,2.2,PT,1688455624
416,severnoye,56.3491,78.3619,26.5,39,41,4.17,RU,1688455624
417,crane,31.3974,-102.3501,26.64,52,6,6.5,US,1688455625
418,nogliki,51.8333,143.1667,12.35,89,73,5.58,RU,1688455625
419,kiruna,67.8557,20.2251,12.51,50,20,3.09,SE,1688455392
420,altay,47.8667,88.1167,25.6,31,100,5.83,CN,1688455625
421,poso,-1.3959,120.7524,26.35,91,100,2.22,ID,1688455626
422,el bolson,-41.9667,-71.5167,3.54,100,100,2.21,AR,1688455626
423,obo,5.3998,26.4869,23.96,83,34,1.65,CF,1688455626
424,pechora,65.1472,57.2244,23.93,53,43,5.48,RU,1688455626
425,rundu,-17.9333,19.7667,15.9,38,0,2.81,NA,1688455627
426,sao vicente,-23.9631,-46.3919,16.26,26,2,1.38,BR,1688455627
427,shahrak,34.1074,64.3052,22.31,20,0,8.67,AF,1688455628
428,berdigestyakh,62.0989,126.6992,24.15,41,20,3.77,RU,1688455628
429,yatou,37.15,122.3833,24.21,94,100,8.25,CN,1688455628
430,plouzane,48.3833,-4.6167,15.03,100,100,2.57,FR,1688455629
431,isiro,2.7739,27.616,22.11,91,90,0.47,CD,1688455629
432,skoropuskovskiy,56.3667,38.1667,21.38,43,0,3.09,RU,1688455629
433,pavlodar,52.3,76.95,31.89,25,0,4.0,KZ,1688455436
434,nema,57.5067,50.5011,22.89,48,0,3.33,RU,1688455630
435,khash,28.2211,61.2158,36.99,10,12,8.46,IR,1688455632
436,belmonte,-15.8631,-38.8828,20.07,76,34,4.79,BR,1688455632
437,kitimat,54.0524,-128.6534,20.21,62,95,0.38,CA,1688455632
438,san borja,-14.8167,-66.85,23.01,74,100,0.42,BO,1688455633
439,balqash,46.8481,74.995,31.33,29,20,8.0,KZ,1688455633
440,swan hill,-35.3378,143.5544,11.01,98,100,1.27,AU,1688455633
441,shenjiamen,29.9576,122.298,26.65,86,100,3.85,CN,1688455634
442,veraval,20.9,70.3667,30.11,76,100,4.73,IN,1688455634
443,tasova,40.7597,36.3225,25.67,53,27,0.85,TR,1688455634
444,ust'-ilimsk,58.0006,102.6619,24.14,44,100,4.62,RU,1688455634
445,polyarnyy,69.1989,33.4478,13.67,74,99,4.14,RU,1688455635
446,bodo,67.28,14.405,18.3,45,0,5.14,NO,1688455635
447,selfoss,63.9331,-20.9971,9.47,70,7,6.8,IS,1688455635
448,les sables-d'olonne,46.6667,-1.8333,17.44,80,100,3.84,FR,1688455636
449,sola,-13.8833,167.55,25.4,69,100,9.51,VU,1688455636
450,pandan,14.0453,124.1694,30.45,68,100,3.24,PH,1688455636
451,grand falls-windsor,48.9332,-55.6649,18.06,94,100,3.61,CA,1688455637
452,ulety,51.3572,112.4849,20.01,78,48,3.07,RU,1688455637
453,kupang,-10.1667,123.5833,31.32,55,20,7.72,ID,1688455637
454,heide,54.2,9.1,16.05,71,5,8.3,DE,1688455638
455,flying fish cove,-10.4217,105.6791,25.82,65,75,4.63,CX,1688455638
456,porto novo,6.4965,2.6036,24.9,92,71,3.0,BJ,1688455638
457,guiuan,11.0333,125.7247,28.61,75,100,3.85,PH,1688455399
458,kenai,60.5544,-151.2583,11.13,89,100,0.0,US,1688455639
459,hassi messaoud,31.6804,6.0729,34.92,21,40,4.63,DZ,1688455639
460,sao jose da coroa grande,-8.8978,-35.1478,23.35,85,53,5.33,BR,1688455639
461,kyren,51.6828,102.1408,15.47,79,100,1.27,RU,1688455639
462,al qusayr,34.5091,36.5798,33.24,19,0,5.58,SY,1688455640
463,myaydo,19.3667,95.2167,33.16,54,82,6.01,MM,1688455640
464,samho-rodongjagu,39.9475,127.8711,23.47,86,100,3.55,KP,1688455641
465,iguatemi,-23.6803,-54.5611,14.78,88,0,3.18,BR,1688455641
466,bikenibeu village,1.3673,173.1241,26.98,94,75,0.0,KI,1688455641
467,valparaiso,-33.0393,-71.6273,9.8,93,40,2.06,CL,1688455641
468,kipushi,-11.7667,27.2333,16.09,50,0,4.72,CD,1688455642
469,harpalpur,25.2884,79.3347,38.34,39,100,3.72,IN,1688455642
470,alice springs,-23.7,133.8833,17.75,42,0,3.6,AU,1688455634
471,mahibadhoo,3.7833,72.9667,27.34,79,100,6.1,MV,1688455642
472,prince rupert,54.3161,-130.3201,13.83,92,0,4.12,CA,1688455432
473,mingyue,43.1069,128.9217,29.18,50,100,4.18,CN,1688455643
474,kataba,13.9833,44.3833,24.67,37,27,1.62,YE,1688455644
475,mana,5.6592,-53.7767,24.74,91,84,3.52,GF,1688455644
476,steinkjer,64.193,11.3851,10.52,94,100,1.15,NO,1688455644
477,kapa'a,22.0752,-159.319,27.18,87,100,7.2,US,1688455644
478,shimanovsk,52.0,127.7,32.27,29,12,2.76,RU,1688455645
479,hasaki,35.7333,140.8333,27.94,82,0,6.12,JP,1688455645
480,victoria point,-27.5833,153.3,18.97,95,100,4.73,AU,1688455645
481,ntoum,0.3833,9.7833,23.87,78,78,1.18,GA,1688455645
482,nizhniy kuranakh,58.8353,125.4869,22.86,77,64,2.98,RU,1688455646
483,amble,55.3333,-1.5833,14.42,76,100,5.66,GB,1688455646
484,cold lake,54.4502,-110.2017,8.97,93,75,2.06,CA,1688455646
485,ljusdal,61.8288,16.0913,15.34,59,100,0.36,SE,1688455647
486,zouerate,22.7187,-12.4521,29.36,26,3,6.37,MR,1688455647
487,kiunga,-6.1219,141.2906,28.41,87,100,0.26,PG,1688455397
488,villamontes,-21.25,-63.5,18.27,89,0,1.18,BO,1688455647
489,mooroopna,-36.4,145.35,9.3,96,100,4.13,AU,1688455648
490,iquique,-20.2208,-70.1431,19.02,82,4,3.06,CL,1688455620
491,conduaga,8.862,117.4893,26.85,83,100,1.27,PH,1688455400
492,harper,4.375,-7.7169,24.53,83,100,1.35,LR,1688455648
493,zhlobin,52.8926,30.024,22.18,53,10,4.2,BY,1688455649
494,kyelang,32.5833,77.0333,13.7,63,62,1.32,IN,1688455649
495,yermolayevo,52.7167,55.8,26.48,50,9,3.02,RU,1688455649
496,northam,51.0333,-4.2167,13.47,95,100,3.26,GB,1688455650
497,ketchikan,55.3422,-131.6461,18.26,63,0,4.63,US,1688455650
498,puri,19.8,85.85,33.29,70,49,5.07,IN,1688455650
499,kosh-agach,50.0,88.6667,19.12,34,100,1.26,RU,1688455651
500,touros,-5.1989,-35.4608,23.71,86,59,7.62,BR,1688455651
501,lampa,-33.2833,-70.9,9.52,87,99,1.54,CL,1688455651
502,hargeysa,9.56,44.065,24.64,52,21,13.95,SO,1688455652
503,amga,60.8953,131.9608,28.71,41,44,2.12,RU,1688455652
504,garwolin,51.8975,21.6147,24.37,49,100,0.89,PL,1688455652
505,luang namtha,20.9497,101.4011,29.62,72,58,1.9,LA,1688455652
506,port douglas,-16.4833,145.4667,25.28,82,51,1.11,AU,1688455653
507,dundee,56.5,-2.9667,13.1,96,75,4.12,GB,1688455654
508,lonar,19.9833,76.5333,32.91,48,98,2.47,IN,1688455655
509,llandrindod wells,52.2416,-3.3787,14.05,80,54,4.79,GB,1688455655
510,birobidzhan,48.8,132.95,27.36,58,4,2.37,RU,1688455655
511,roma,43.2128,-75.4557,20.96,95,96,0.76,US,1688455654
512,bardsir,29.9227,56.5743,34.01,10,3,5.98,IR,1688455655
513,ulladulla,-35.35,150.4667,13.05,92,100,2.12,AU,1688455656
514,saint-mandrier-sur-mer,43.078,5.929,26.92,61,0,5.14,FR,1688455656
515,sikonge,-5.6333,32.7667,21.64,42,3,4.63,TZ,1688455656
516,fontanelas,38.8472,-9.4372,19.29,74,75,10.8,PT,1688455657
517,imbituba,-28.24,-48.6703,17.7,92,8,4.4,BR,1688455657
518,turgen,43.4006,77.5933,31.07,23,46,5.13,KZ,1688455657
519,berrotaran,-32.451,-64.3887,15.23,71,44,2.08,AR,1688455658
520,magadan,59.5667,150.8,23.63,82,23,4.13,RU,1688455561
521,caleta de carquin,-11.0925,-77.6267,19.46,84,96,4.34,PE,1688455658
522,tanout,14.9709,8.8879,31.33,43,15,6.89,NE,1688455658
523,kalmunai,7.4167,81.8167,33.65,48,100,2.79,LK,1688455659
524,teknaf,20.8624,92.3058,30.32,73,48,6.2,BD,1688455659
525,kish,26.5578,54.0194,35.15,66,24,4.12,IR,1688455659
526,chimore,-16.9833,-65.1333,21.93,77,100,0.68,BO,1688455660
527,port isabel,26.0734,-97.2086,29.02,86,40,4.63,US,1688455502
528,san martin,-33.081,-68.4681,10.3,80,0,2.94,AR,1688455660
529,floro,61.5996,5.0328,14.02,76,75,4.12,NO,1688455660
530,markova,48.6758,24.4138,22.79,56,25,1.13,UA,1688455660
531,tsetserleg,47.475,101.4542,14.5,54,99,9.93,MN,1688455661
532,benin city,6.335,5.6275,24.28,95,63,0.97,NG,1688455661
533,roxborough park,39.4739,-105.0853,19.78,53,40,3.58,US,1688455661
534,ghadamis,30.1337,9.5007,34.33,22,100,3.08,LY,1688455661
535,antonio enes,-16.2325,39.9086,26.19,55,4,2.29,MZ,1688455662
536,tobruk,32.0836,23.9764,25.25,73,0,5.53,LY,1688455662
537,mahala,44.0119,18.2553,21.13,80,0,0.58,BA,1688455662
538,al wajh,26.2455,36.4525,29.97,66,0,2.57,SA,1688455663
539,quellon,-43.1167,-73.6167,7.14,93,100,4.12,CL,1688455663
540,port saint john's,-31.6229,29.5448,17.23,49,100,1.51,ZA,1688455663
541,raiwala bara,30.0167,78.2167,31.38,70,75,1.54,IN,1688455663
542,afif,23.9065,42.9172,38.06,9,0,1.83,SA,1688455663
543,nieuw amsterdam,5.8833,-55.0833,25.57,90,99,3.47,SR,1688455664
544,darabani,48.1833,26.5833,24.56,63,11,2.66,RO,1688455369
545,malumfashi,11.7853,7.6218,25.78,65,100,4.7,NG,1688455664
546,kone,-21.0595,164.8658,20.05,72,6,2.76,NC,1688455664
547,rockland,41.1668,-74.0496,23.21,95,97,1.46,US,1688455665
548,santa ana,33.7456,-117.8678,21.59,89,0,2.06,US,1688455549
549,ixtapa,20.7,-105.2,26.24,90,100,0.92,MX,1688455665
